pdb,resid,ddg_max,md_numbering
1AHW,153,3.81,True
1AHW,154,-1.89,True
1AHW,164,-0.07,True
1AHW,167,1.11,True
1AHW,173,0.99,True
1AHW,175,-0.48,True
1AHW,194,1.35,True
1AHW,195,-0.31,True
1AHW,196,1.08,True
1AKI,18,0.3,True
1AKI,19,0.3,True
1AKI,20,4.87,True
1AKI,21,1.3,True
1AKI,23,0.4,True
1AKI,24,0.8,True
1AKI,62,0.8,True
1AKI,63,1.3,True
1AKI,75,1.5,True
1AKI,89,0.8,True
1AKI,93,0.6,True
1AKI,96,6.83,True
1AKI,97,6.18,True
1AKI,100,0.8,True
1AKI,101,1.3,True
1AKI,116,0.7,True
1AKI,118,0.8,True
1AKI,119,1.0,True
1AKI,120,0.9,True
1AKI,121,2.9,True
1AKI,124,1.2,True
1AKI,125,1.8,True
1AKI,129,0.2,True
1BJ1,4,0.0,True
1BJ1,8,0.0,True
1BJ1,32,1.94,True
1BJ1,35,0.41,True
1BJ1,66,0.65,True
1BJ1,67,0.95,True
1BJ1,68,4.1,True
1BJ1,69,3.69,True
1BJ1,70,3.69,True
1BJ1,71,1.36,True
1BJ1,73,0.0,True
1BJ1,74,0.0,True
1BJ1,75,2.76,True
1BJ1,76,1.75,True
1BJ1,77,0.0,True
1BJ1,78,1.06,True
1BJ1,79,4.1,True
1BJ1,80,1.15,True
1BJ1,81,1.91,True
1HGU,7,2.157,True
1HGU,15,3.682,True
1HGU,111,1.837,True
1HGU,115,2.728,True
1JRH,37,3.71,True
1JRH,38,0.17,True
1JRH,39,3.53,True
1JRH,40,4.45,True
1JRH,41,1.68,True
1JRH,42,3.39,True
1JRH,43,4.3,True
1JRH,44,0.38,True
1JRH,45,-0.57,True
1JRH,69,-0.2,True
1JRH,72,4.43,True
1JRH,74,0.39,True
1JRH,88,0.31,True
2JEL,62,0.0,True
2JEL,68,0.41,True
2JEL,70,2.75,True
2JEL,76,-0.41,True
2JEL,83,0.0,True
2JEL,85,0.0,True
